Reg,Route,Start,End,BusName,Type,Seats,SeatType,MinFare,AddStopFare,Facilities,Stops,Departure,Arrival,TravelTime
TN31 AB 1001,R001,Chennai,Coimbatore,Southern Express,Ordinary,48,Seats,75,50,GPS,Chengalpattu -> Tindivanam -> Villupuram -> Ulundurpet -> Perambalur -> Trichy -> Karur -> Erode -> Tiruppur -> Avinashi,05:00,13:00,8h 00m
TN32 AB 1002,R001,Chennai,Coimbatore,Cauvery Cruiser,Express,54,Seats,80,55,"GPS, Charger",Chengalpattu -> Tindivanam -> Villupuram -> Ulundurpet -> Perambalur -> Trichy -> Karur -> Erode -> Tiruppur -> Avinashi,04:30,12:30,8h 00m
TN33 AB 1003,R001,Chennai,Coimbatore,Marina Star,Deluxe,36,Berth,85,60,GPS,Chengalpattu -> Tindivanam -> Villupuram -> Ulundurpet -> Perambalur -> Trichy -> Karur -> Erode -> Tiruppur -> Avinashi,06:00,17:00,11h 00m
TN34 AB 1004,R001,Chennai,Coimbatore,Western Voyager,Non-AC Seater,40,Seats,90,65,GPS,Chengalpattu -> Tindivanam -> Villupuram -> Ulundurpet -> Perambalur -> Trichy -> Karur -> Erode -> Tiruppur -> Avinashi,05:30,10:30,5h 00m
TN35 AB 1005,R001,Chennai,Coimbatore,Royal Transit,AC Sleeper,30,Berth,100,75,"GPS, Charger, Toilet, WiFi",Chengalpattu -> Tindivanam -> Villupuram -> Ulundurpet -> Perambalur -> Trichy -> Karur -> Erode -> Tiruppur -> Avinashi,06:00,10:30,4h 30m
TN36 AB 1006,R001,Chennai,Coimbatore,Blue Horizon,Ordinary,48,Seats,75,50,"GPS, Charger",Chengalpattu -> Tindivanam -> Villupuram -> Ulundurpet -> Perambalur -> Trichy -> Karur -> Erode -> Tiruppur -> Avinashi,05:00,13:00,8h 00m
TN37 AB 1007,R002,Chennai,Madurai,Emerald Coach,Express,54,Seats,80,55,GPS,Chengalpattu -> Melmaruvathur -> Tindivanam -> Villupuram -> Perambalur -> Trichy -> Viralimalai -> Dindigul -> Samayanallur -> Thirumangalam,04:30,12:30,8h 00m
TN38 AB 1008,R002,Chennai,Madurai,Skyline Express,Deluxe,36,Berth,85,60,"GPS, Charger",Chengalpattu -> Melmaruvathur -> Tindivanam -> Villupuram -> Perambalur -> Trichy -> Viralimalai -> Dindigul -> Samayanallur -> Thirumangalam,06:00,17:00,11h 00m
TN39 AB 1009,R002,Chennai,Madurai,Temple Runner,Non-AC Seater,40,Seats,90,65,"GPS, Charger",Chengalpattu -> Melmaruvathur -> Tindivanam -> Villupuram -> Perambalur -> Trichy -> Viralimalai -> Dindigul -> Samayanallur -> Thirumangalam,05:30,10:30,5h 00m
TN30 AB 1010,R002,Chennai,Madurai,Highway King,AC Sleeper,30,Berth,100,75,"GPS, Charger, Toilet, WiFi",Chengalpattu -> Melmaruvathur -> Tindivanam -> Villupuram -> Perambalur -> Trichy -> Viralimalai -> Dindigul -> Samayanallur -> Thirumangalam,06:00,10:30,4h 30m
TN31 AB 1011,R002,Chennai,Madurai,Lotus Travels,Ordinary,48,Seats,75,50,GPS,Chengalpattu -> Melmaruvathur -> Tindivanam -> Villupuram -> Perambalur -> Trichy -> Viralimalai -> Dindigul -> Samayanallur -> Thirumangalam,05:00,13:00,8h 00m
TN32 AB 1012,R002,Chennai,Madurai,Golden Arrow,Express,54,Seats,80,55,"GPS, Charger",Chengalpattu -> Melmaruvathur -> Tindivanam -> Villupuram -> Perambalur -> Trichy -> Viralimalai -> Dindigul -> Samayanallur -> Thirumangalam,04:30,12:30,8h 00m
TN33 AB 1013,R003,Coimbatore,Chennai,Velan Express,Deluxe,36,Berth,85,60,GPS,Avinashi -> Tiruppur -> Erode -> Sankagiri -> Salem -> Attur -> Ulundurpet -> Villupuram -> Tindivanam -> Chengalpattu,06:00,17:00,11h 00m
TN34 AB 1014,R003,Coimbatore,Chennai,Pearl Cruiser,Non-AC Seater,40,Seats,90,65,GPS,Avinashi -> Tiruppur -> Erode -> Sankagiri -> Salem -> Attur -> Ulundurpet -> Villupuram -> Tindivanam -> Chengalpattu,05:30,10:30,5h 00m
TN35 AB 1015,R003,Coimbatore,Chennai,Sunrise Coach,AC Sleeper,30,Berth,100,75,"GPS, Charger, Toilet, WiFi",Avinashi -> Tiruppur -> Erode -> Sankagiri -> Salem -> Attur -> Ulundurpet -> Villupuram -> Tindivanam -> Chengalpattu,06:00,10:30,4h 30m
TN36 AB 1016,R003,Coimbatore,Chennai,Metro Link,Ordinary,48,Seats,75,50,GPS,Avinashi -> Tiruppur -> Erode -> Sankagiri -> Salem -> Attur -> Ulundurpet -> Villupuram -> Tindivanam -> Chengalpattu,05:00,13:00,8h 00m
TN37 AB 1017,R003,Coimbatore,Chennai,Green Route,Express,54,Seats,80,55,GPS,Avinashi -> Tiruppur -> Erode -> Sankagiri -> Salem -> Attur -> Ulundurpet -> Villupuram -> Tindivanam -> Chengalpattu,04:30,12:30,8h 00m
TN38 AB 1018,R003,Coimbatore,Chennai,Riverline,Deluxe,36,Berth,85,60,"GPS, Charger",Avinashi -> Tiruppur -> Erode -> Sankagiri -> Salem -> Attur -> Ulundurpet -> Villupuram -> Tindivanam -> Chengalpattu,06:00,17:00,11h 00m
TN39 AB 1019,R004,Trichy,Chennai,Heritage Express,Non-AC Seater,40,Seats,90,65,GPS,Samayapuram -> Perambalur -> Ulundurpet -> Villupuram -> Tindivanam -> Melmaruvathur -> Madurantakam -> Chengalpattu -> Tambaram -> Guindy,05:30,10:30,5h 00m
TN30 AB 1020,R004,Trichy,Chennai,Elite Transit,AC Sleeper,30,Berth,100,75,"GPS, Charger, Toilet, WiFi",Samayapuram -> Perambalur -> Ulundurpet -> Villupuram -> Tindivanam -> Melmaruvathur -> Madurantakam -> Chengalpattu -> Tambaram -> Guindy,06:00,10:30,4h 30m
TN31 AB 1021,R004,Trichy,Chennai,Southern Express,Ordinary,48,Seats,75,50,"GPS, Charger",Samayapuram -> Perambalur -> Ulundurpet -> Villupuram -> Tindivanam -> Melmaruvathur -> Madurantakam -> Chengalpattu -> Tambaram -> Guindy,05:00,13:00,8h 00m
TN32 AB 1022,R004,Trichy,Chennai,Cauvery Cruiser,Express,54,Seats,80,55,"GPS, Charger",Samayapuram -> Perambalur -> Ulundurpet -> Villupuram -> Tindivanam -> Melmaruvathur -> Madurantakam -> Chengalpattu -> Tambaram -> Guindy,04:30,12:30,8h 00m
TN33 AB 1023,R004,Trichy,Chennai,Marina Star,Deluxe,36,Berth,85,60,GPS,Samayapuram -> Perambalur -> Ulundurpet -> Villupuram -> Tindivanam -> Melmaruvathur -> Madurantakam -> Chengalpattu -> Tambaram -> Guindy,06:00,17:00,11h 00m
TN34 AB 1024,R004,Trichy,Chennai,Western Voyager,Non-AC Seater,40,Seats,90,65,"GPS, Charger",Samayapuram -> Perambalur -> Ulundurpet -> Villupuram -> Tindivanam -> Melmaruvathur -> Madurantakam -> Chengalpattu -> Tambaram -> Guindy,05:30,10:30,5h 00m
TN35 AB 1025,R005,Madurai,Chennai,Royal Transit,AC Sleeper,30,Berth,100,75,"GPS, Charger, Toilet, WiFi",Thirumangalam -> Samayanallur -> Dindigul -> Viralimalai -> Trichy -> Perambalur -> Villupuram -> Tindivanam -> Chengalpattu -> Tambaram,06:00,10:30,4h 30m
TN36 AB 1026,R005,Madurai,Chennai,Blue Horizon,Ordinary,48,Seats,75,50,GPS,Thirumangalam -> Samayanallur -> Dindigul -> Viralimalai -> Trichy -> Perambalur -> Villupuram -> Tindivanam -> Chengalpattu -> Tambaram,05:00,13:00,8h 00m
TN37 AB 1027,R005,Madurai,Chennai,Emerald Coach,Express,54,Seats,80,55,GPS,Thirumangalam -> Samayanallur -> Dindigul -> Viralimalai -> Trichy -> Perambalur -> Villupuram -> Tindivanam -> Chengalpattu -> Tambaram,04:30,12:30,8h 00m
TN38 AB 1028,R005,Madurai,Chennai,Skyline Express,Deluxe,36,Berth,85,60,"GPS, Charger",Thirumangalam -> Samayanallur -> Dindigul -> Viralimalai -> Trichy -> Perambalur -> Villupuram -> Tindivanam -> Chengalpattu -> Tambaram,06:00,17:00,11h 00m
TN39 AB 1029,R005,Madurai,Chennai,Temple Runner,Non-AC Seater,40,Seats,90,65,GPS,Thirumangalam -> Samayanallur -> Dindigul -> Viralimalai -> Trichy -> Perambalur -> Villupuram -> Tindivanam -> Chengalpattu -> Tambaram,05:30,10:30,5h 00m
TN30 AB 1030,R005,Madurai,Chennai,Highway King,AC Sleeper,30,Berth,100,75,"GPS, Charger, Toilet, WiFi",Thirumangalam -> Samayanallur -> Dindigul -> Viralimalai -> Trichy -> Perambalur -> Villupuram -> Tindivanam -> Chengalpattu -> Tambaram,06:00,10:30,4h 30m
TN31 AB 1031,R006,Chennai,Salem,Lotus Travels,Ordinary,48,Seats,75,50,GPS,Tambaram -> Chengalpattu -> Tindivanam -> Villupuram -> Ulundurpet -> Attur -> Vasudevanallur -> Salem New Bus Stand -> Five Roads -> Hasthampatti,05:00,13:00,8h 00m
TN32 AB 1032,R006,Chennai,Salem,Golden Arrow,Express,54,Seats,80,55,"GPS, Charger",Tambaram -> Chengalpattu -> Tindivanam -> Villupuram -> Ulundurpet -> Attur -> Vasudevanallur -> Salem New Bus Stand -> Five Roads -> Hasthampatti,04:30,12:30,8h 00m
TN33 AB 1033,R006,Chennai,Salem,Velan Express,Deluxe,36,Berth,85,60,GPS,Tambaram -> Chengalpattu -> Tindivanam -> Villupuram -> Ulundurpet -> Attur -> Vasudevanallur -> Salem New Bus Stand -> Five Roads -> Hasthampatti,06:00,17:00,11h 00m
TN34 AB 1034,R006,Chennai,Salem,Pearl Cruiser,Non-AC Seater,40,Seats,90,65,GPS,Tambaram -> Chengalpattu -> Tindivanam -> Villupuram -> Ulundurpet -> Attur -> Vasudevanallur -> Salem New Bus Stand -> Five Roads -> Hasthampatti,05:30,10:30,5h 00m
TN35 AB 1035,R006,Chennai,Salem,Sunrise Coach,AC Sleeper,30,Berth,100,75,"GPS, Charger, Toilet, WiFi",Tambaram -> Chengalpattu -> Tindivanam -> Villupuram -> Ulundurpet -> Attur -> Vasudevanallur -> Salem New Bus Stand -> Five Roads -> Hasthampatti,06:00,10:30,4h 30m
TN36 AB 1036,R006,Chennai,Salem,Metro Link,Ordinary,48,Seats,75,50,"GPS, Charger",Tambaram -> Chengalpattu -> Tindivanam -> Villupuram -> Ulundurpet -> Attur -> Vasudevanallur -> Salem New Bus Stand -> Five Roads -> Hasthampatti,05:00,13:00,8h 00m
TN37 AB 1037,R007,Salem,Coimbatore,Green Route,Express,54,Seats,80,55,GPS,Sankagiri -> Bhavani -> Erode -> Perundurai -> Chennimalai -> Kangeyam -> Tiruppur -> Avinashi -> Neelambur -> Gandhipuram,04:30,12:30,8h 00m
TN38 AB 1038,R007,Salem,Coimbatore,Riverline,Deluxe,36,Berth,85,60,"GPS, Charger",Sankagiri -> Bhavani -> Erode -> Perundurai -> Chennimalai -> Kangeyam -> Tiruppur -> Avinashi -> Neelambur -> Gandhipuram,06:00,17:00,11h 00m
TN39 AB 1039,R007,Salem,Coimbatore,Heritage Express,Non-AC Seater,40,Seats,90,65,"GPS, Charger",Sankagiri -> Bhavani -> Erode -> Perundurai -> Chennimalai -> Kangeyam -> Tiruppur -> Avinashi -> Neelambur -> Gandhipuram,05:30,10:30,5h 00m
TN30 AB 1040,R007,Salem,Coimbatore,Elite Transit,AC Sleeper,30,Berth,100,75,"GPS, Charger, Toilet, WiFi",Sankagiri -> Bhavani -> Erode -> Perundurai -> Chennimalai -> Kangeyam -> Tiruppur -> Avinashi -> Neelambur -> Gandhipuram,06:00,10:30,4h 30m
TN31 AB 1041,R007,Salem,Coimbatore,Southern Express,Ordinary,48,Seats,75,50,GPS,Sankagiri -> Bhavani -> Erode -> Perundurai -> Chennimalai -> Kangeyam -> Tiruppur -> Avinashi -> Neelambur -> Gandhipuram,05:00,13:00,8h 00m
TN32 AB 1042,R007,Salem,Coimbatore,Cauvery Cruiser,Express,54,Seats,80,55,"GPS, Charger",Sankagiri -> Bhavani -> Erode -> Perundurai -> Chennimalai -> Kangeyam -> Tiruppur -> Avinashi -> Neelambur -> Gandhipuram,04:30,12:30,8h 00m
TN33 AB 1043,R008,Chennai,Tirunelveli,Marina Star,Deluxe,36,Berth,85,60,GPS,Tambaram -> Chengalpattu -> Tindivanam -> Villupuram -> Trichy -> Dindigul -> Madurai -> Virudhunagar -> Kovilpatti -> Kayathar,06:00,17:00,11h 00m
TN34 AB 1044,R008,Chennai,Tirunelveli,Western Voyager,Non-AC Seater,40,Seats,90,65,GPS,Tambaram -> Chengalpattu -> Tindivanam -> Villupuram -> Trichy -> Dindigul -> Madurai -> Virudhunagar -> Kovilpatti -> Kayathar,05:30,10:30,5h 00m
TN35 AB 1045,R008,Chennai,Tirunelveli,Royal Transit,AC Sleeper,30,Berth,100,75,"GPS, Charger, Toilet, WiFi",Tambaram -> Chengalpattu -> Tindivanam -> Villupuram -> Trichy -> Dindigul -> Madurai -> Virudhunagar -> Kovilpatti -> Kayathar,06:00,10:30,4h 30m
TN36 AB 1046,R008,Chennai,Tirunelveli,Blue Horizon,Ordinary,48,Seats,75,50,GPS,Tambaram -> Chengalpattu -> Tindivanam -> Villupuram -> Trichy -> Dindigul -> Madurai -> Virudhunagar -> Kovilpatti -> Kayathar,05:00,13:00,8h 00m
TN37 AB 1047,R008,Chennai,Tirunelveli,Emerald Coach,Express,54,Seats,80,55,GPS,Tambaram -> Chengalpattu -> Tindivanam -> Villupuram -> Trichy -> Dindigul -> Madurai -> Virudhunagar -> Kovilpatti -> Kayathar,04:30,12:30,8h 00m
TN38 AB 1048,R008,Chennai,Tirunelveli,Skyline Express,Deluxe,36,Berth,85,60,"GPS, Charger",Tambaram -> Chengalpattu -> Tindivanam -> Villupuram -> Trichy -> Dindigul -> Madurai -> Virudhunagar -> Kovilpatti -> Kayathar,06:00,17:00,11h 00m
TN39 AB 1049,R009,Coimbatore,Madurai,Temple Runner,Non-AC Seater,40,Seats,90,65,GPS,Pollachi -> Udumalpet -> Palani -> Oddanchatram -> Dindigul -> Vadamadurai -> Sholavandan -> Samayanallur -> Mattuthavani -> Thiruparankundram,05:30,10:30,5h 00m
TN30 AB 1050,R009,Coimbatore,Madurai,Highway King,AC Sleeper,30,Berth,100,75,"GPS, Charger, Toilet, WiFi",Pollachi -> Udumalpet -> Palani -> Oddanchatram -> Dindigul -> Vadamadurai -> Sholavandan -> Samayanallur -> Mattuthavani -> Thiruparankundram,06:00,10:30,4h 30m
TN31 AB 1051,R009,Coimbatore,Madurai,Lotus Travels,Ordinary,48,Seats,75,50,"GPS, Charger",Pollachi -> Udumalpet -> Palani -> Oddanchatram -> Dindigul -> Vadamadurai -> Sholavandan -> Samayanallur -> Mattuthavani -> Thiruparankundram,05:00,13:00,8h 00m
TN32 AB 1052,R009,Coimbatore,Madurai,Golden Arrow,Express,54,Seats,80,55,"GPS, Charger",Pollachi -> Udumalpet -> Palani -> Oddanchatram -> Dindigul -> Vadamadurai -> Sholavandan -> Samayanallur -> Mattuthavani -> Thiruparankundram,04:30,12:30,8h 00m
TN33 AB 1053,R009,Coimbatore,Madurai,Velan Express,Deluxe,36,Berth,85,60,GPS,Pollachi -> Udumalpet -> Palani -> Oddanchatram -> Dindigul -> Vadamadurai -> Sholavandan -> Samayanallur -> Mattuthavani -> Thiruparankundram,06:00,17:00,11h 00m
TN34 AB 1054,R009,Coimbatore,Madurai,Pearl Cruiser,Non-AC Seater,40,Seats,90,65,"GPS, Charger",Pollachi -> Udumalpet -> Palani -> Oddanchatram -> Dindigul -> Vadamadurai -> Sholavandan -> Samayanallur -> Mattuthavani -> Thiruparankundram,05:30,10:30,5h 00m
TN35 AB 1055,R010,Madurai,Coimbatore,Sunrise Coach,AC Sleeper,30,Berth,100,75,"GPS, Charger, Toilet, WiFi",Thiruparankundram -> Mattuthavani -> Samayanallur -> Sholavandan -> Dindigul -> Oddanchatram -> Palani -> Udumalpet -> Pollachi -> Kinathukadavu,06:00,10:30,4h 30m
TN36 AB 1056,R010,Madurai,Coimbatore,Metro Link,Ordinary,48,Seats,75,50,GPS,Thiruparankundram -> Mattuthavani -> Samayanallur -> Sholavandan -> Dindigul -> Oddanchatram -> Palani -> Udumalpet -> Pollachi -> Kinathukadavu,05:00,13:00,8h 00m
TN37 AB 1057,R010,Madurai,Coimbatore,Green Route,Express,54,Seats,80,55,GPS,Thiruparankundram -> Mattuthavani -> Samayanallur -> Sholavandan -> Dindigul -> Oddanchatram -> Palani -> Udumalpet -> Pollachi -> Kinathukadavu,04:30,12:30,8h 00m
TN38 AB 1058,R010,Madurai,Coimbatore,Riverline,Deluxe,36,Berth,85,60,"GPS, Charger",Thiruparankundram -> Mattuthavani -> Samayanallur -> Sholavandan -> Dindigul -> Oddanchatram -> Palani -> Udumalpet -> Pollachi -> Kinathukadavu,06:00,17:00,11h 00m
TN39 AB 1059,R010,Madurai,Coimbatore,Heritage Express,Non-AC Seater,40,Seats,90,65,GPS,Thiruparankundram -> Mattuthavani -> Samayanallur -> Sholavandan -> Dindigul -> Oddanchatram -> Palani -> Udumalpet -> Pollachi -> Kinathukadavu,05:30,10:30,5h 00m
TN30 AB 1060,R010,Madurai,Coimbatore,Elite Transit,AC Sleeper,30,Berth,100,75,"GPS, Charger, Toilet, WiFi",Thiruparankundram -> Mattuthavani -> Samayanallur -> Sholavandan -> Dindigul -> Oddanchatram -> Palani -> Udumalpet -> Pollachi -> Kinathukadavu,06:00,10:30,4h 30m
TN31 AB 1061,R011,Chennai,Trichy,Southern Express,Ordinary,48,Seats,75,50,GPS,Tambaram -> Chengalpattu -> Melmaruvathur -> Tindivanam -> Villupuram -> Ulundurpet -> Perambalur -> Samayapuram -> Srirangam -> TVS Tollgate,05:00,13:00,8h 00m
TN32 AB 1062,R011,Chennai,Trichy,Cauvery Cruiser,Express,54,Seats,80,55,"GPS, Charger",Tambaram -> Chengalpattu -> Melmaruvathur -> Tindivanam -> Villupuram -> Ulundurpet -> Perambalur -> Samayapuram -> Srirangam -> TVS Tollgate,04:30,12:30,8h 00m
TN33 AB 1063,R011,Chennai,Trichy,Marina Star,Deluxe,36,Berth,85,60,GPS,Tambaram -> Chengalpattu -> Melmaruvathur -> Tindivanam -> Villupuram -> Ulundurpet -> Perambalur -> Samayapuram -> Srirangam -> TVS Tollgate,06:00,17:00,11h 00m
TN34 AB 1064,R011,Chennai,Trichy,Western Voyager,Non-AC Seater,40,Seats,90,65,GPS,Tambaram -> Chengalpattu -> Melmaruvathur -> Tindivanam -> Villupuram -> Ulundurpet -> Perambalur -> Samayapuram -> Srirangam -> TVS Tollgate,05:30,10:30,5h 00m
TN35 AB 1065,R011,Chennai,Trichy,Royal Transit,AC Sleeper,30,Berth,100,75,"GPS, Charger, Toilet, WiFi",Tambaram -> Chengalpattu -> Melmaruvathur -> Tindivanam -> Villupuram -> Ulundurpet -> Perambalur -> Samayapuram -> Srirangam -> TVS Tollgate,06:00,10:30,4h 30m
TN36 AB 1066,R011,Chennai,Trichy,Blue Horizon,Ordinary,48,Seats,75,50,"GPS, Charger",Tambaram -> Chengalpattu -> Melmaruvathur -> Tindivanam -> Villupuram -> Ulundurpet -> Perambalur -> Samayapuram -> Srirangam -> TVS Tollgate,05:00,13:00,8h 00m
TN37 AB 1067,R012,Trichy,Coimbatore,Emerald Coach,Express,54,Seats,80,55,GPS,Kulithalai -> Karur -> Kodumudi -> Erode -> Perundurai -> Vijayamangalam -> Chennimalai -> Avinashi -> Neelambur -> Gandhipuram,04:30,12:30,8h 00m
TN38 AB 1068,R012,Trichy,Coimbatore,Skyline Express,Deluxe,36,Berth,85,60,"GPS, Charger",Kulithalai -> Karur -> Kodumudi -> Erode -> Perundurai -> Vijayamangalam -> Chennimalai -> Avinashi -> Neelambur -> Gandhipuram,06:00,17:00,11h 00m
TN39 AB 1069,R012,Trichy,Coimbatore,Temple Runner,Non-AC Seater,40,Seats,90,65,"GPS, Charger",Kulithalai -> Karur -> Kodumudi -> Erode -> Perundurai -> Vijayamangalam -> Chennimalai -> Avinashi -> Neelambur -> Gandhipuram,05:30,10:30,5h 00m
TN30 AB 1070,R012,Trichy,Coimbatore,Highway King,AC Sleeper,30,Berth,100,75,"GPS, Charger, Toilet, WiFi",Kulithalai -> Karur -> Kodumudi -> Erode -> Perundurai -> Vijayamangalam -> Chennimalai -> Avinashi -> Neelambur -> Gandhipuram,06:00,10:30,4h 30m
TN31 AB 1071,R012,Trichy,Coimbatore,Lotus Travels,Ordinary,48,Seats,75,50,GPS,Kulithalai -> Karur -> Kodumudi -> Erode -> Perundurai -> Vijayamangalam -> Chennimalai -> Avinashi -> Neelambur -> Gandhipuram,05:00,13:00,8h 00m
TN32 AB 1072,R012,Trichy,Coimbatore,Golden Arrow,Express,54,Seats,80,55,"GPS, Charger",Kulithalai -> Karur -> Kodumudi -> Erode -> Perundurai -> Vijayamangalam -> Chennimalai -> Avinashi -> Neelambur -> Gandhipuram,04:30,12:30,8h 00m
TN33 AB 1073,R013,Chennai,Pondicherry,Velan Express,Deluxe,36,Berth,85,60,GPS,Tambaram -> Vandalur -> Guduvancheri -> Chengalpattu -> Madurantakam -> Tindivanam -> Mailam -> Auroville -> Lawspet -> Muthialpet,06:00,17:00,11h 00m
TN34 AB 1074,R013,Chennai,Pondicherry,Pearl Cruiser,Non-AC Seater,40,Seats,90,65,GPS,Tambaram -> Vandalur -> Guduvancheri -> Chengalpattu -> Madurantakam -> Tindivanam -> Mailam -> Auroville -> Lawspet -> Muthialpet,05:30,10:30,5h 00m
TN35 AB 1075,R013,Chennai,Pondicherry,Sunrise Coach,AC Sleeper,30,Berth,100,75,"GPS, Charger, Toilet, WiFi",Tambaram -> Vandalur -> Guduvancheri -> Chengalpattu -> Madurantakam -> Tindivanam -> Mailam -> Auroville -> Lawspet -> Muthialpet,06:00,10:30,4h 30m
TN36 AB 1076,R013,Chennai,Pondicherry,Metro Link,Ordinary,48,Seats,75,50,GPS,Tambaram -> Vandalur -> Guduvancheri -> Chengalpattu -> Madurantakam -> Tindivanam -> Mailam -> Auroville -> Lawspet -> Muthialpet,05:00,13:00,8h 00m
TN37 AB 1077,R013,Chennai,Pondicherry,Green Route,Express,54,Seats,80,55,GPS,Tambaram -> Vandalur -> Guduvancheri -> Chengalpattu -> Madurantakam -> Tindivanam -> Mailam -> Auroville -> Lawspet -> Muthialpet,04:30,12:30,8h 00m
TN38 AB 1078,R013,Chennai,Pondicherry,Riverline,Deluxe,36,Berth,85,60,"GPS, Charger",Tambaram -> Vandalur -> Guduvancheri -> Chengalpattu -> Madurantakam -> Tindivanam -> Mailam -> Auroville -> Lawspet -> Muthialpet,06:00,17:00,11h 00m
TN39 AB 1079,R014,Pondicherry,Chennai,Heritage Express,Non-AC Seater,40,Seats,90,65,GPS,Muthialpet -> Lawspet -> Auroville -> Mailam -> Tindivanam -> Madurantakam -> Chengalpattu -> Guduvancheri -> Vandalur -> Tambaram,05:30,10:30,5h 00m
TN30 AB 1080,R014,Pondicherry,Chennai,Elite Transit,AC Sleeper,30,Berth,100,75,"GPS, Charger, Toilet, WiFi",Muthialpet -> Lawspet -> Auroville -> Mailam -> Tindivanam -> Madurantakam -> Chengalpattu -> Guduvancheri -> Vandalur -> Tambaram,06:00,10:30,4h 30m
TN31 AB 1081,R014,Pondicherry,Chennai,Southern Express,Ordinary,48,Seats,75,50,"GPS, Charger",Muthialpet -> Lawspet -> Auroville -> Mailam -> Tindivanam -> Madurantakam -> Chengalpattu -> Guduvancheri -> Vandalur -> Tambaram,05:00,13:00,8h 00m
TN32 AB 1082,R014,Pondicherry,Chennai,Cauvery Cruiser,Express,54,Seats,80,55,"GPS, Charger",Muthialpet -> Lawspet -> Auroville -> Mailam -> Tindivanam -> Madurantakam -> Chengalpattu -> Guduvancheri -> Vandalur -> Tambaram,04:30,12:30,8h 00m
TN33 AB 1083,R014,Pondicherry,Chennai,Marina Star,Deluxe,36,Berth,85,60,GPS,Muthialpet -> Lawspet -> Auroville -> Mailam -> Tindivanam -> Madurantakam -> Chengalpattu -> Guduvancheri -> Vandalur -> Tambaram,06:00,17:00,11h 00m
TN34 AB 1084,R014,Pondicherry,Chennai,Western Voyager,Non-AC Seater,40,Seats,90,65,"GPS, Charger",Muthialpet -> Lawspet -> Auroville -> Mailam -> Tindivanam -> Madurantakam -> Chengalpattu -> Guduvancheri -> Vandalur -> Tambaram,05:30,10:30,5h 00m
TN35 AB 1085,R015,Chennai,Vellore,Royal Transit,AC Sleeper,30,Berth,100,75,"GPS, Charger, Toilet, WiFi",Poonamallee -> Sriperumbudur -> Walajabad -> Kanchipuram -> Ranipet -> Arcot -> Katpadi -> VIT -> Sathuvachari -> Old Bus Stand,06:00,10:30,4h 30m
TN36 AB 1086,R015,Chennai,Vellore,Blue Horizon,Ordinary,48,Seats,75,50,GPS,Poonamallee -> Sriperumbudur -> Walajabad -> Kanchipuram -> Ranipet -> Arcot -> Katpadi -> VIT -> Sathuvachari -> Old Bus Stand,05:00,13:00,8h 00m
TN37 AB 1087,R015,Chennai,Vellore,Emerald Coach,Express,54,Seats,80,55,GPS,Poonamallee -> Sriperumbudur -> Walajabad -> Kanchipuram -> Ranipet -> Arcot -> Katpadi -> VIT -> Sathuvachari -> Old Bus Stand,04:30,12:30,8h 00m
TN38 AB 1088,R015,Chennai,Vellore,Skyline Express,Deluxe,36,Berth,85,60,"GPS, Charger",Poonamallee -> Sriperumbudur -> Walajabad -> Kanchipuram -> Ranipet -> Arcot -> Katpadi -> VIT -> Sathuvachari -> Old Bus Stand,06:00,17:00,11h 00m
TN39 AB 1089,R015,Chennai,Vellore,Temple Runner,Non-AC Seater,40,Seats,90,65,GPS,Poonamallee -> Sriperumbudur -> Walajabad -> Kanchipuram -> Ranipet -> Arcot -> Katpadi -> VIT -> Sathuvachari -> Old Bus Stand,05:30,10:30,5h 00m
TN30 AB 1090,R015,Chennai,Vellore,Highway King,AC Sleeper,30,Berth,100,75,"GPS, Charger, Toilet, WiFi",Poonamallee -> Sriperumbudur -> Walajabad -> Kanchipuram -> Ranipet -> Arcot -> Katpadi -> VIT -> Sathuvachari -> Old Bus Stand,06:00,10:30,4h 30m
TN31 AB 1091,R016,Vellore,Chennai,Lotus Travels,Ordinary,48,Seats,75,50,GPS,Old Bus Stand -> Sathuvachari -> VIT -> Katpadi -> Arcot -> Ranipet -> Kanchipuram -> Walajabad -> Sriperumbudur -> Poonamallee,05:00,13:00,8h 00m
TN32 AB 1092,R016,Vellore,Chennai,Golden Arrow,Express,54,Seats,80,55,"GPS, Charger",Old Bus Stand -> Sathuvachari -> VIT -> Katpadi -> Arcot -> Ranipet -> Kanchipuram -> Walajabad -> Sriperumbudur -> Poonamallee,04:30,12:30,8h 00m
TN33 AB 1093,R016,Vellore,Chennai,Velan Express,Deluxe,36,Berth,85,60,GPS,Old Bus Stand -> Sathuvachari -> VIT -> Katpadi -> Arcot -> Ranipet -> Kanchipuram -> Walajabad -> Sriperumbudur -> Poonamallee,06:00,17:00,11h 00m
TN34 AB 1094,R016,Vellore,Chennai,Pearl Cruiser,Non-AC Seater,40,Seats,90,65,GPS,Old Bus Stand -> Sathuvachari -> VIT -> Katpadi -> Arcot -> Ranipet -> Kanchipuram -> Walajabad -> Sriperumbudur -> Poonamallee,05:30,10:30,5h 00m
TN35 AB 1095,R016,Vellore,Chennai,Sunrise Coach,AC Sleeper,30,Berth,100,75,"GPS, Charger, Toilet, WiFi",Old Bus Stand -> Sathuvachari -> VIT -> Katpadi -> Arcot -> Ranipet -> Kanchipuram -> Walajabad -> Sriperumbudur -> Poonamallee,06:00,10:30,4h 30m
TN36 AB 1096,R016,Vellore,Chennai,Metro Link,Ordinary,48,Seats,75,50,"GPS, Charger",Old Bus Stand -> Sathuvachari -> VIT -> Katpadi -> Arcot -> Ranipet -> Kanchipuram -> Walajabad -> Sriperumbudur -> Poonamallee,05:00,13:00,8h 00m
TN37 AB 1097,R007,Chennai,Madurai,Green Route,Express,54,Seats,80,55,GPS,"Chengalpattu, Tindivanam, Villupuram, Ulundurpet, Perambalur, Trichy, Manapparai, Dindigul",04:30,12:30,8h 00m
TN38 AB 1098,R008,Chennai,Tirunelveli,Riverline,Deluxe,36,Berth,85,60,"GPS, Charger","Chengalpattu, Villupuram, Trichy, Dindigul, Virudhunagar, Kovilpatti, Kayathar",06:00,17:00,11h 00m
TN39 AB 1099,R009,Coimbatore,Madurai,Heritage Express,Non-AC Seater,40,Seats,90,65,"GPS, Charger","Pollachi, Udumalpet, Palani, Oddanchatram, Dindigul",05:30,10:30,5h 00m
TN30 AB 1100,R010,Trichy,Coimbatore,Elite Transit,AC Sleeper,30,Berth,100,75,"GPS, Charger, Toilet, WiFi","Karur, Kodumudi, Erode, Perundurai, Avinashi",06:00,10:30,4h 30m
